SEQ4_	50000	2	dN	0.209842
SEQ4_	50000	2	dS	0.760167
SEQ4_	50000	2	dN_sample	0.262302
SEQ4_	50000	2	dS_sample	0.760167
SEQ4_	50000	2	dN/dS	0.276047
SEQ4_	50000	2	dN/dS_sample	0.345058
SEQ4_	50000	2	dN/dS_predicted	0.211445
SEQ4_	50000	3	pN_sample	8
SEQ4_	50000	3	pS_sample	1
SEQ4_	50000	3	pN/pS_sample	8
SEQ4_	50000	3	piN_sample	1.34487
SEQ4_	50000	3	piS_sample	0.520513
SEQ4_	50000	3	piN/piS_sample	2.58374
SEQ4_	50000	5	NbrMutations	70341
SEQ4_	50000	6	NbrFixations	25
SEQ4_	50000	5	NbrNonSynMutations	57186
SEQ4_	50000	5	NbrSynMutations	13155
SEQ4_	50000	6	NbrNonSynFixation	15
SEQ4_	50000	6	NbrSynFixation	10
SEQ4_	50000	8	MeanFitness	0.108408
SEQ4_	50000	4	CpxSites	0
SEQ4_	50000	0	SFSn	0 3 1 0 0 0 0 0 0 0 1 0 0 0 1 0 0 0 0 1 0 0 0 0 0 0 0 0 0 0 0 0 0 0 0 0 0 0 0 1 0
SEQ4_	50000	4	E[SFSn]	10.875
SEQ4_	50000	0	SFSs	0 0 0 0 0 0 0 0 0 0 0 0 0 0 0 0 0 0 0 0 0 0 0 0 0 0 0 0 0 1 0 0 0 0 0 0 0 0 0 0 0
SEQ4_	50000	4	E[SFSs]	29
SEQ4_	50000	7	%AT	0.732943
SEQ4_	50000	7	%AT_predicted	0.719889
SEQ8_	52013	2	dN	0.235504
SEQ8_	52013	2	dS	0.806274
SEQ8_	52013	2	dN_sample	0.285969
SEQ8_	52013	2	dS_sample	0.879572
SEQ8_	52013	2	dN/dS	0.292089
SEQ8_	52013	2	dN/dS_sample	0.325123
SEQ8_	52013	2	dN/dS_predicted	0.211445
SEQ8_	52013	3	pN_sample	6
SEQ8_	52013	3	pS_sample	2
SEQ8_	52013	3	pN/pS_sample	3
SEQ8_	52013	3	piN_sample	1.13205
SEQ8_	52013	3	piS_sample	0.0628205
SEQ8_	52013	3	piN/piS_sample	18.0204
SEQ8_	52013	5	NbrMutations	73090
SEQ8_	52013	6	NbrFixations	29
SEQ8_	52013	5	NbrNonSynMutations	59447
SEQ8_	52013	5	NbrSynMutations	13643
SEQ8_	52013	6	NbrNonSynFixation	17
SEQ8_	52013	6	NbrSynFixation	12
SEQ8_	52013	8	MeanFitness	0.166181
SEQ8_	52013	4	CpxSites	0
SEQ8_	52013	0	SFSn	0 2 1 0 0 0 0 0 0 1 0 0 0 0 0 1 0 0 0 0 0 0 0 0 0 0 0 0 0 0 0 0 0 0 0 0 0 0 0 1 0
SEQ8_	52013	4	E[SFSn]	11.1667
SEQ8_	52013	0	SFSs	0 0 0 0 0 0 0 1 1 0 0 0 0 0 0 0 0 0 0 0 0 0 0 0 0 0 0 0 0 0 0 0 0 0 0 0 0 0 0 0 0
SEQ8_	52013	4	E[SFSs]	7.5
SEQ8_	52013	7	%AT	0.730339
SEQ8_	52013	7	%AT_predicted	0.719889
SEQ6_	53007	2	dN	0.263987
SEQ6_	53007	2	dS	0.793651
SEQ6_	53007	2	dN_sample	0.280486
SEQ6_	53007	2	dS_sample	0.793651
SEQ6_	53007	2	dN/dS	0.332624
SEQ6_	53007	2	dN/dS_sample	0.353413
SEQ6_	53007	2	dN/dS_predicted	0.211445
SEQ6_	53007	3	pN_sample	7
SEQ6_	53007	3	pS_sample	0
SEQ6_	53007	3	pN/pS_sample	inf
SEQ6_	53007	3	piN_sample	0.882051
SEQ6_	53007	3	piS_sample	0
SEQ6_	53007	3	piN/piS_sample	inf
SEQ6_	53007	5	NbrMutations	74469
SEQ6_	53007	6	NbrFixations	28
SEQ6_	53007	5	NbrNonSynMutations	60609
SEQ6_	53007	5	NbrSynMutations	13860
SEQ6_	53007	6	NbrNonSynFixation	17
SEQ6_	53007	6	NbrSynFixation	11
SEQ6_	53007	8	MeanFitness	0.0590749
SEQ6_	53007	4	CpxSites	0
SEQ6_	53007	0	SFSn	0 3 0 0 0 1 0 0 1 0 0 1 0 0 0 0 0 0 0 0 0 0 0 0 0 0 0 0 0 0 0 0 0 0 0 1 0 0 0 0 0
SEQ6_	53007	4	E[SFSn]	8.85714
SEQ6_	53007	0	SFSs	0 0 0 0 0 0 0 0 0 0 0 0 0 0 0 0 0 0 0 0 0 0 0 0 0 0 0 0 0 0 0 0 0 0 0 0 0 0 0 0 0
SEQ6_	53007	4	E[SFSs]	-nan
SEQ6_	53007	7	%AT	0.730859
SEQ6_	53007	7	%AT_predicted	0.719889
SEQ13_	78661	2	dN	0.244902
SEQ13_	78661	2	dS	0.736485
SEQ13_	78661	2	dN_sample	0.244902
SEQ13_	78661	2	dS_sample	0.736485
SEQ13_	78661	2	dN/dS	0.332527
SEQ13_	78661	2	dN/dS_sample	0.332527
SEQ13_	78661	2	dN/dS_predicted	0.211445
SEQ13_	78661	3	pN_sample	4
SEQ13_	78661	3	pS_sample	0
SEQ13_	78661	3	pN/pS_sample	inf
SEQ13_	78661	3	piN_sample	0.0282051
SEQ13_	78661	3	piS_sample	0
SEQ13_	78661	3	piN/piS_sample	inf
SEQ13_	78661	5	NbrMutations	110199
SEQ13_	78661	6	NbrFixations	37
SEQ13_	78661	5	NbrNonSynMutations	89832
SEQ13_	78661	5	NbrSynMutations	20367
SEQ13_	78661	6	NbrNonSynFixation	22
SEQ13_	78661	6	NbrSynFixation	15
SEQ13_	78661	8	MeanFitness	0.257744
SEQ13_	78661	4	CpxSites	0
SEQ13_	78661	0	SFSn	0 1 0 0 2 1 0 0 0 0 0 0 0 0 0 0 0 0 0 0 0 0 0 0 0 0 0 0 0 0 0 0 0 0 0 0 0 0 0 0 0
SEQ13_	78661	4	E[SFSn]	3.5
SEQ13_	78661	0	SFSs	0 0 0 0 0 0 0 0 0 0 0 0 0 0 0 0 0 0 0 0 0 0 0 0 0 0 0 0 0 0 0 0 0 0 0 0 0 0 0 0 0
SEQ13_	78661	4	E[SFSs]	-nan
SEQ13_	78661	7	%AT	0.724349
SEQ13_	78661	7	%AT_predicted	0.719889
SEQ11_	294940	2	dN	0.29493
SEQ11_	294940	2	dS	0.849085
SEQ11_	294940	2	dN_sample	0.29493
SEQ11_	294940	2	dS_sample	0.849085
SEQ11_	294940	2	dN/dS	0.34735
SEQ11_	294940	2	dN/dS_sample	0.34735
SEQ11_	294940	2	dN/dS_predicted	0.211445
SEQ11_	294940	3	pN_sample	5
SEQ11_	294940	3	pS_sample	1
SEQ11_	294940	3	pN/pS_sample	5
SEQ11_	294940	3	piN_sample	0.0538462
SEQ11_	294940	3	piS_sample	0
SEQ11_	294940	3	piN/piS_sample	inf
SEQ11_	294940	5	NbrMutations	407515
SEQ11_	294940	6	NbrFixations	160
SEQ11_	294940	5	NbrNonSynMutations	335673
SEQ11_	294940	5	NbrSynMutations	71842
SEQ11_	294940	6	NbrNonSynFixation	99
SEQ11_	294940	6	NbrSynFixation	61
SEQ11_	294940	8	MeanFitness	-0.0429582
SEQ11_	294940	4	CpxSites	0
SEQ11_	294940	0	SFSn	0 2 0 2 0 0 0 0 0 1 0 0 0 0 0 0 0 0 0 0 0 0 0 0 0 0 0 0 0 0 0 0 0 0 0 0 0 0 0 0 0
SEQ11_	294940	4	E[SFSn]	3.4
SEQ11_	294940	0	SFSs	0 1 0 0 0 0 0 0 0 0 0 0 0 0 0 0 0 0 0 0 0 0 0 0 0 0 0 0 0 0 0 0 0 0 0 0 0 0 0 0 0
SEQ11_	294940	4	E[SFSs]	1
SEQ11_	294940	7	%AT	0.745182
SEQ11_	294940	7	%AT_predicted	0.719889
SEQ12_	229157	2	dN	0.240231
SEQ12_	229157	2	dS	1.02295
SEQ12_	229157	2	dN_sample	0.240231
SEQ12_	229157	2	dS_sample	1.02295
SEQ12_	229157	2	dN/dS	0.234842
SEQ12_	229157	2	dN/dS_sample	0.234842
SEQ12_	229157	2	dN/dS_predicted	0.211445
SEQ12_	229157	3	pN_sample	4
SEQ12_	229157	3	pS_sample	1
SEQ12_	229157	3	pN/pS_sample	4
SEQ12_	229157	3	piN_sample	0.0487179
SEQ12_	229157	3	piS_sample	0.0192308
SEQ12_	229157	3	piN/piS_sample	2.53333
SEQ12_	229157	5	NbrMutations	314784
SEQ12_	229157	6	NbrFixations	120
SEQ12_	229157	5	NbrNonSynMutations	258085
SEQ12_	229157	5	NbrSynMutations	56699
SEQ12_	229157	6	NbrNonSynFixation	62
SEQ12_	229157	6	NbrSynFixation	58
SEQ12_	229157	8	MeanFitness	0.209254
SEQ12_	229157	4	CpxSites	1
SEQ12_	229157	0	SFSn	0 1 0 0 0 2 1 0 0 0 0 0 0 0 0 0 0 0 0 0 0 0 0 0 0 0 0 0 0 0 0 0 0 0 0 0 0 0 0 0 0
SEQ12_	229157	4	E[SFSn]	4.25
SEQ12_	229157	0	SFSs	0 0 0 0 0 0 1 0 0 0 0 0 0 0 0 0 0 0 0 0 0 0 0 0 0 0 0 0 0 0 0 0 0 0 0 0 0 0 0 0 0
SEQ12_	229157	4	E[SFSs]	6
SEQ12_	229157	7	%AT	0.739583
SEQ12_	229157	7	%AT_predicted	0.719889
SEQ9_	323321	2	dN	0.245409
SEQ9_	323321	2	dS	1.15703
SEQ9_	323321	2	dN_sample	0.245409
SEQ9_	323321	2	dS_sample	1.17003
SEQ9_	323321	2	dN/dS	0.212103
SEQ9_	323321	2	dN/dS_sample	0.209746
SEQ9_	323321	2	dN/dS_predicted	0.211445
SEQ9_	323321	3	pN_sample	7
SEQ9_	323321	3	pS_sample	2
SEQ9_	323321	3	pN/pS_sample	3.5
SEQ9_	323321	3	piN_sample	0.201282
SEQ9_	323321	3	piS_sample	0.45
SEQ9_	323321	3	piN/piS_sample	0.447293
SEQ9_	323321	5	NbrMutations	443655
SEQ9_	323321	6	NbrFixations	180
SEQ9_	323321	5	NbrNonSynMutations	366734
SEQ9_	323321	5	NbrSynMutations	76921
SEQ9_	323321	6	NbrNonSynFixation	90
SEQ9_	323321	6	NbrSynFixation	90
SEQ9_	323321	8	MeanFitness	-0.0393886
SEQ9_	323321	4	CpxSites	0
SEQ9_	323321	0	SFSn	0 3 0 0 1 0 1 0 0 0 1 0 0 0 1 0 0 0 0 0 0 0 0 0 0 0 0 0 0 0 0 0 0 0 0 0 0 0 0 0 0
SEQ9_	323321	4	E[SFSn]	5.28571
SEQ9_	323321	0	SFSs	0 1 0 0 0 0 0 0 0 0 0 0 0 0 0 0 0 0 0 0 0 0 0 0 0 0 0 1 0 0 0 0 0 0 0 0 0 0 0 0 0
SEQ9_	323321	4	E[SFSs]	14
SEQ9_	323321	7	%AT	0.726823
SEQ9_	323321	7	%AT_predicted	0.719889
SEQ14_	111402	2	dN	0.218904
SEQ14_	111402	2	dS	0.829576
SEQ14_	111402	2	dN_sample	0.23454
SEQ14_	111402	2	dS_sample	0.829576
SEQ14_	111402	2	dN/dS	0.263874
SEQ14_	111402	2	dN/dS_sample	0.282723
SEQ14_	111402	2	dN/dS_predicted	0.211445
SEQ14_	111402	3	pN_sample	5
SEQ14_	111402	3	pS_sample	2
SEQ14_	111402	3	pN/pS_sample	2.5
SEQ14_	111402	3	piN_sample	0.267949
SEQ14_	111402	3	piS_sample	0.00128205
SEQ14_	111402	3	piN/piS_sample	209
SEQ14_	111402	5	NbrMutations	155635
SEQ14_	111402	6	NbrFixations	53
SEQ14_	111402	5	NbrNonSynMutations	127910
SEQ14_	111402	5	NbrSynMutations	27725
SEQ14_	111402	6	NbrNonSynFixation	30
SEQ14_	111402	6	NbrSynFixation	23
SEQ14_	111402	8	MeanFitness	0.154539
SEQ14_	111402	4	CpxSites	0
SEQ14_	111402	0	SFSn	0 2 1 0 0 0 0 0 0 0 0 1 0 0 0 0 0 0 1 0 0 0 0 0 0 0 0 0 0 0 0 0 0 0 0 0 0 0 0 0 0
SEQ14_	111402	4	E[SFSn]	6.6
SEQ14_	111402	0	SFSs	0 1 1 0 0 0 0 0 0 0 0 0 0 0 0 0 0 0 0 0 0 0 0 0 0 0 0 0 0 0 0 0 0 0 0 0 0 0 0 0 0
SEQ14_	111402	4	E[SFSs]	1.5
SEQ14_	111402	7	%AT	0.719141
SEQ14_	111402	7	%AT_predicted	0.719889
SEQ10_	117694	2	dN	0.22169
SEQ10_	117694	2	dS	0.859668
SEQ10_	117694	2	dN_sample	0.23647
SEQ10_	117694	2	dS_sample	0.894055
SEQ10_	117694	2	dN/dS	0.257879
SEQ10_	117694	2	dN/dS_sample	0.264491
SEQ10_	117694	2	dN/dS_predicted	0.211445
SEQ10_	117694	3	pN_sample	5
SEQ10_	117694	3	pS_sample	2
SEQ10_	117694	3	pN/pS_sample	2.5
SEQ10_	117694	3	piN_sample	0.539744
SEQ10_	117694	3	piS_sample	0.0435897
SEQ10_	117694	3	piN/piS_sample	12.3824
SEQ10_	117694	5	NbrMutations	164405
SEQ10_	117694	6	NbrFixations	58
SEQ10_	117694	5	NbrNonSynMutations	135324
SEQ10_	117694	5	NbrSynMutations	29081
SEQ10_	117694	6	NbrNonSynFixation	32
SEQ10_	117694	6	NbrSynFixation	26
SEQ10_	117694	8	MeanFitness	0.064711
SEQ10_	117694	4	CpxSites	1
SEQ10_	117694	0	SFSn	0 2 1 0 0 0 0 0 0 1 0 0 0 0 0 0 0 0 1 0 0 0 0 0 0 0 0 0 0 0 0 0 0 0 0 0 0 0 0 0 0
SEQ10_	117694	4	E[SFSn]	6.2
SEQ10_	117694	0	SFSs	0 0 0 0 1 0 0 0 1 0 0 0 0 0 0 0 0 0 0 0 0 0 0 0 0 0 0 0 0 0 0 0 0 0 0 0 0 0 0 0 0
SEQ10_	117694	4	E[SFSs]	6
SEQ10_	117694	7	%AT	0.729557
SEQ10_	117694	7	%AT_predicted	0.719889
SEQ16_	117937	2	dN	0.296075
SEQ16_	117937	2	dS	0.820204
SEQ16_	117937	2	dN_sample	0.303477
SEQ16_	117937	2	dS_sample	0.820204
SEQ16_	117937	2	dN/dS	0.360977
SEQ16_	117937	2	dN/dS_sample	0.370001
SEQ16_	117937	2	dN/dS_predicted	0.211445
SEQ16_	117937	3	pN_sample	6
SEQ16_	117937	3	pS_sample	0
SEQ16_	117937	3	pN/pS_sample	inf
SEQ16_	117937	3	piN_sample	0.024359
SEQ16_	117937	3	piS_sample	0
SEQ16_	117937	3	piN/piS_sample	inf
SEQ16_	117937	5	NbrMutations	164362
SEQ16_	117937	6	NbrFixations	65
SEQ16_	117937	5	NbrNonSynMutations	135101
SEQ16_	117937	5	NbrSynMutations	29261
SEQ16_	117937	6	NbrNonSynFixation	41
SEQ16_	117937	6	NbrSynFixation	24
SEQ16_	117937	8	MeanFitness	0.130378
SEQ16_	117937	4	CpxSites	0
SEQ16_	117937	0	SFSn	0 2 0 3 0 1 0 0 0 0 0 0 0 0 0 0 0 0 0 0 0 0 0 0 0 0 0 0 0 0 0 0 0 0 0 0 0 0 0 0 0
SEQ16_	117937	4	E[SFSn]	2.66667
SEQ16_	117937	0	SFSs	0 0 0 0 0 0 0 0 0 0 0 0 0 0 0 0 0 0 0 0 0 0 0 0 0 0 0 0 0 0 0 0 0 0 0 0 0 0 0 0 0
SEQ16_	117937	4	E[SFSs]	-nan
SEQ16_	117937	7	%AT	0.728646
SEQ16_	117937	7	%AT_predicted	0.719889
SEQ5_	108726	2	dN	0.288925
SEQ5_	108726	2	dS	0.883295
SEQ5_	108726	2	dN_sample	0.288925
SEQ5_	108726	2	dS_sample	0.883295
SEQ5_	108726	2	dN/dS	0.327099
SEQ5_	108726	2	dN/dS_sample	0.327099
SEQ5_	108726	2	dN/dS_predicted	0.211445
SEQ5_	108726	3	pN_sample	2
SEQ5_	108726	3	pS_sample	0
SEQ5_	108726	3	pN/pS_sample	inf
SEQ5_	108726	3	piN_sample	0.00384615
SEQ5_	108726	3	piS_sample	0
SEQ5_	108726	3	piN/piS_sample	inf
SEQ5_	108726	5	NbrMutations	151771
SEQ5_	108726	6	NbrFixations	60
SEQ5_	108726	5	NbrNonSynMutations	124600
SEQ5_	108726	5	NbrSynMutations	27171
SEQ5_	108726	6	NbrNonSynFixation	36
SEQ5_	108726	6	NbrSynFixation	24
SEQ5_	108726	8	MeanFitness	0.115624
SEQ5_	108726	4	CpxSites	0
SEQ5_	108726	0	SFSn	0 1 0 1 0 0 0 0 0 0 0 0 0 0 0 0 0 0 0 0 0 0 0 0 0 0 0 0 0 0 0 0 0 0 0 0 0 0 0 0 0
SEQ5_	108726	4	E[SFSn]	2
SEQ5_	108726	0	SFSs	0 0 0 0 0 0 0 0 0 0 0 0 0 0 0 0 0 0 0 0 0 0 0 0 0 0 0 0 0 0 0 0 0 0 0 0 0 0 0 0 0
SEQ5_	108726	4	E[SFSs]	-nan
SEQ5_	108726	7	%AT	0.723958
SEQ5_	108726	7	%AT_predicted	0.719889
SEQ1_	67581	2	dN	0.233839
SEQ1_	67581	2	dS	0.74053
SEQ1_	67581	2	dN_sample	0.259821
SEQ1_	67581	2	dS_sample	0.74053
SEQ1_	67581	2	dN/dS	0.315773
SEQ1_	67581	2	dN/dS_sample	0.350859
SEQ1_	67581	2	dN/dS_predicted	0.211445
SEQ1_	67581	3	pN_sample	11
SEQ1_	67581	3	pS_sample	2
SEQ1_	67581	3	pN/pS_sample	5.5
SEQ1_	67581	3	piN_sample	1.99872
SEQ1_	67581	3	piS_sample	0.0474359
SEQ1_	67581	3	piN/piS_sample	42.1351
SEQ1_	67581	5	NbrMutations	94531
SEQ1_	67581	6	NbrFixations	33
SEQ1_	67581	5	NbrNonSynMutations	76976
SEQ1_	67581	5	NbrSynMutations	17555
SEQ1_	67581	6	NbrNonSynFixation	20
SEQ1_	67581	6	NbrSynFixation	13
SEQ1_	67581	8	MeanFitness	-0.0506433
SEQ1_	67581	4	CpxSites	0
SEQ1_	67581	0	SFSn	0 4 1 2 0 0 0 0 0 0 0 0 0 0 0 0 1 0 0 0 0 0 0 0 0 0 0 1 1 0 0 0 0 0 0 0 0 0 1 0 0
SEQ1_	67581	4	E[SFSn]	11
SEQ1_	67581	0	SFSs	0 0 1 0 0 0 0 0 0 1 0 0 0 0 0 0 0 0 0 0 0 0 0 0 0 0 0 0 0 0 0 0 0 0 0 0 0 0 0 0 0
SEQ1_	67581	4	E[SFSs]	5.5
SEQ1_	67581	7	%AT	0.728385
SEQ1_	67581	7	%AT_predicted	0.719889
SEQ2_	51003	2	dN	0.222908
SEQ2_	51003	2	dS	0.745823
SEQ2_	51003	2	dN_sample	0.274348
SEQ2_	51003	2	dS_sample	0.745823
SEQ2_	51003	2	dN/dS	0.298875
SEQ2_	51003	2	dN/dS_sample	0.367846
SEQ2_	51003	2	dN/dS_predicted	0.211445
SEQ2_	51003	3	pN_sample	3
SEQ2_	51003	3	pS_sample	2
SEQ2_	51003	3	pN/pS_sample	1.5
SEQ2_	51003	3	piN_sample	1.10769
SEQ2_	51003	3	piS_sample	0.379487
SEQ2_	51003	3	piN/piS_sample	2.91892
SEQ2_	51003	5	NbrMutations	71728
SEQ2_	51003	6	NbrFixations	26
SEQ2_	51003	5	NbrNonSynMutations	58320
SEQ2_	51003	5	NbrSynMutations	13408
SEQ2_	51003	6	NbrNonSynFixation	16
SEQ2_	51003	6	NbrSynFixation	10
SEQ2_	51003	8	MeanFitness	0.09466
SEQ2_	51003	4	CpxSites	2
SEQ2_	51003	0	SFSn	0 1 0 0 0 0 0 0 0 0 0 0 0 0 0 0 0 0 0 0 0 0 0 0 0 0 0 1 0 1 0 0 0 0 0 0 0 0 0 0 0
SEQ2_	51003	4	E[SFSn]	19
SEQ2_	51003	0	SFSs	0 0 0 0 1 0 0 0 0 0 1 0 0 0 0 0 0 0 0 0 0 0 0 0 0 0 0 0 0 0 0 0 0 0 0 0 0 0 0 0 0
SEQ2_	51003	4	E[SFSs]	7
SEQ2_	51003	7	%AT	0.73112
SEQ2_	51003	7	%AT_predicted	0.719889
SEQ7_	50997	2	dN	0.239964
SEQ7_	50997	2	dS	0.820467
SEQ7_	50997	2	dN_sample	0.274245
SEQ7_	50997	2	dS_sample	0.820467
SEQ7_	50997	2	dN/dS	0.292473
SEQ7_	50997	2	dN/dS_sample	0.334255
SEQ7_	50997	2	dN/dS_predicted	0.211445
SEQ7_	50997	3	pN_sample	5
SEQ7_	50997	3	pS_sample	0
SEQ7_	50997	3	pN/pS_sample	inf
SEQ7_	50997	3	piN_sample	0.283333
SEQ7_	50997	3	piS_sample	0
SEQ7_	50997	3	piN/piS_sample	inf
SEQ7_	50997	5	NbrMutations	71749
SEQ7_	50997	6	NbrFixations	27
SEQ7_	50997	5	NbrNonSynMutations	58342
SEQ7_	50997	5	NbrSynMutations	13407
SEQ7_	50997	6	NbrNonSynFixation	16
SEQ7_	50997	6	NbrSynFixation	11
SEQ7_	50997	8	MeanFitness	0.0175997
SEQ7_	50997	4	CpxSites	0
SEQ7_	50997	0	SFSn	0 0 0 0 0 0 0 1 2 0 0 0 1 1 0 0 0 0 0 0 0 0 0 0 0 0 0 0 0 0 0 0 0 0 0 0 0 0 0 0 0
SEQ7_	50997	4	E[SFSn]	9.6
SEQ7_	50997	0	SFSs	0 0 0 0 0 0 0 0 0 0 0 0 0 0 0 0 0 0 0 0 0 0 0 0 0 0 0 0 0 0 0 0 0 0 0 0 0 0 0 0 0
SEQ7_	50997	4	E[SFSs]	-nan
SEQ7_	50997	7	%AT	0.735286
SEQ7_	50997	7	%AT_predicted	0.719889
SEQ17_	50996	2	dN	0.222507
SEQ17_	50996	2	dS	0.745712
SEQ17_	50996	2	dN_sample	0.239623
SEQ17_	50996	2	dS_sample	0.820283
SEQ17_	50996	2	dN/dS	0.298383
SEQ17_	50996	2	dN/dS_sample	0.292123
SEQ17_	50996	2	dN/dS_predicted	0.211445
SEQ17_	50996	3	pN_sample	7
SEQ17_	50996	3	pS_sample	3
SEQ17_	50996	3	pN/pS_sample	2.33333
SEQ17_	50996	3	piN_sample	1.23077
SEQ17_	50996	3	piS_sample	0.520513
SEQ17_	50996	3	piN/piS_sample	2.36453
SEQ17_	50996	5	NbrMutations	71835
SEQ17_	50996	6	NbrFixations	25
SEQ17_	50996	5	NbrNonSynMutations	58425
SEQ17_	50996	5	NbrSynMutations	13410
SEQ17_	50996	6	NbrNonSynFixation	14
SEQ17_	50996	6	NbrSynFixation	11
SEQ17_	50996	8	MeanFitness	0.0521239
SEQ17_	50996	4	CpxSites	0
SEQ17_	50996	0	SFSn	0 2 0 1 1 0 0 0 0 0 0 0 1 0 0 1 0 0 0 0 0 0 0 0 0 0 0 0 0 0 0 0 0 0 0 0 0 0 0 0 1
SEQ17_	50996	4	E[SFSn]	10.8571
SEQ17_	50996	0	SFSs	0 2 0 0 0 0 0 0 0 0 0 0 0 0 0 0 0 0 0 0 0 0 0 0 0 0 0 0 0 1 0 0 0 0 0 0 0 0 0 0 0
SEQ17_	50996	4	E[SFSs]	10.3333
SEQ17_	50996	7	%AT	0.733984
SEQ17_	50996	7	%AT_predicted	0.719889
SEQ15_	54031	2	dN	0.24251
SEQ15_	54031	2	dS	0.778375
SEQ15_	54031	2	dN_sample	0.24251
SEQ15_	54031	2	dS_sample	0.849137
SEQ15_	54031	2	dN/dS	0.31156
SEQ15_	54031	2	dN/dS_sample	0.285596
SEQ15_	54031	2	dN/dS_predicted	0.211445
SEQ15_	54031	3	pN_sample	3
SEQ15_	54031	3	pS_sample	5
SEQ15_	54031	3	pN/pS_sample	0.6
SEQ15_	54031	3	piN_sample	0.00897436
SEQ15_	54031	3	piS_sample	0.0782051
SEQ15_	54031	3	piN/piS_sample	0.114754
SEQ15_	54031	5	NbrMutations	75985
SEQ15_	54031	6	NbrFixations	27
SEQ15_	54031	5	NbrNonSynMutations	61853
SEQ15_	54031	5	NbrSynMutations	14132
SEQ15_	54031	6	NbrNonSynFixation	15
SEQ15_	54031	6	NbrSynFixation	12
SEQ15_	54031	8	MeanFitness	0.0951474
SEQ15_	54031	4	CpxSites	0
SEQ15_	54031	0	SFSn	0 1 1 0 1 0 0 0 0 0 0 0 0 0 0 0 0 0 0 0 0 0 0 0 0 0 0 0 0 0 0 0 0 0 0 0 0 0 0 0 0
SEQ15_	54031	4	E[SFSn]	2.33333
SEQ15_	54031	0	SFSs	0 2 1 0 0 0 1 0 0 0 1 0 0 0 0 0 0 0 0 0 0 0 0 0 0 0 0 0 0 0 0 0 0 0 0 0 0 0 0 0 0
SEQ15_	54031	4	E[SFSs]	4
SEQ15_	54031	7	%AT	0.736979
SEQ15_	54031	7	%AT_predicted	0.719889
SEQ3_	51994	2	dN	0.251758
SEQ3_	51994	2	dS	0.806038
SEQ3_	51994	2	dN_sample	0.251758
SEQ3_	51994	2	dS_sample	0.806038
SEQ3_	51994	2	dN/dS	0.31234
SEQ3_	51994	2	dN/dS_sample	0.31234
SEQ3_	51994	2	dN/dS_predicted	0.211445
SEQ3_	51994	3	pN_sample	1
SEQ3_	51994	3	pS_sample	2
SEQ3_	51994	3	pN/pS_sample	0.5
SEQ3_	51994	3	piN_sample	0.0846154
SEQ3_	51994	3	piS_sample	0
SEQ3_	51994	3	piN/piS_sample	inf
SEQ3_	51994	5	NbrMutations	73228
SEQ3_	51994	6	NbrFixations	26
SEQ3_	51994	5	NbrNonSynMutations	59581
SEQ3_	51994	5	NbrSynMutations	13647
SEQ3_	51994	6	NbrNonSynFixation	15
SEQ3_	51994	6	NbrSynFixation	11
SEQ3_	51994	8	MeanFitness	0.148887
SEQ3_	51994	4	CpxSites	0
SEQ3_	51994	0	SFSn	0 0 0 0 0 0 0 0 0 0 0 0 1 0 0 0 0 0 0 0 0 0 0 0 0 0 0 0 0 0 0 0 0 0 0 0 0 0 0 0 0
SEQ3_	51994	4	E[SFSn]	12
SEQ3_	51994	0	SFSs	0 2 0 0 0 0 0 0 0 0 0 0 0 0 0 0 0 0 0 0 0 0 0 0 0 0 0 0 0 0 0 0 0 0 0 0 0 0 0 0 0
SEQ3_	51994	4	E[SFSs]	1
SEQ3_	51994	7	%AT	0.734505
SEQ3_	51994	7	%AT_predicted	0.719889
